,Id,0
0,1461,123196.45988785292
1,1462,157736.9934879831
2,1463,177146.98413200403
3,1464,178027.02892891542
4,1465,194679.9008576848
5,1466,169968.30883689987
6,1467,160528.7668952345
7,1468,164948.68356945584
8,1469,187062.93699559098
9,1470,127436.43965792687
10,1471,200880.84940949857
11,1472,120899.4971524057
12,1473,118981.87680742086
13,1474,153626.74410060098
14,1475,141136.84612616507
15,1476,373984.0894749228
16,1477,247774.881000177
17,1478,288514.9079018978
18,1479,293059.40342570684
19,1480,418753.15031898196
20,1481,328892.78800184344
21,1482,216465.12808203688
22,1483,174793.52983588647
23,1484,180071.68915180495
24,1485,190402.96957191708
25,1486,196290.01561441936
26,1487,338773.0271592252
27,1488,246548.72055586547
28,1489,187821.0727962906
29,1490,202062.22483452153
30,1491,193922.94426567547
31,1492,109821.13153233376
32,1493,178662.81734965302
33,1494,289719.1040953323
34,1495,302432.0445957022
35,1496,219794.90776127737
36,1497,187553.00533340866
37,1498,171875.2462928331
38,1499,173425.2896173598
39,1500,159136.83011479318
40,1501,167768.8007364098
41,1502,172718.17935861007
42,1503,275167.8758578165
43,1504,231106.8397458183
44,1505,213187.44726285
45,1506,174904.09649802677
46,1507,231233.56346211134
47,1508,189182.1440631118
48,1509,146108.64038442267
49,1510,140596.29650107914
50,1511,146080.35453656298
51,1512,163701.5061257116
52,1513,145675.32217423123
53,1514,170895.65096995645
54,1515,194570.38096436477
55,1516,156386.25774696004
56,1517,160574.66782342774
57,1518,147632.35675319412
58,1519,211582.76927822313
59,1520,133182.57964000147
60,1521,135098.06456248125
61,1522,168871.42520999126
62,1523,114389.92017389208
63,1524,121912.84778482621
64,1525,124214.00812629367
65,1526,129110.08774719472
66,1527,120403.01355879202
67,1528,129306.06411545372
68,1529,136180.85227614347
69,1530,165696.11306787858
70,1531,141628.8014363509
71,1532,119426.1892061706
72,1533,139573.79099557534
73,1534,130686.58246547153
74,1535,149604.27447501398
75,1536,117536.60333540628
76,1537,111856.36203542515
77,1538,180841.8895255521
78,1539,216024.12457877884
79,1540,133429.5217754645
80,1541,137782.2764980137
81,1542,133564.43152529062
82,1543,197487.55606423854
83,1544,106719.92257138542
84,1545,119010.27723027926
85,1546,135718.81384006995
86,1547,138361.60595996343
87,1548,125772.84548958714
88,1549,116637.53408117604
89,1550,135371.23422123666
90,1551,138546.05756115133
91,1552,156790.10963265345
92,1553,147029.71570938418
93,1554,121996.97782196508
94,1555,173164.32253330265
95,1556,112229.27659928864
96,1557,119559.40481618166
97,1558,117047.86018872127
98,1559,123974.56436752179
99,1560,141303.69048927224
100,1561,150345.3684046968
101,1562,127582.60311368128
102,1563,123550.41996991305
103,1564,167254.05324003156
104,1565,147092.73436605054
105,1566,215853.4185901519
106,1567,106834.51384527786
107,1568,212528.43935019372
108,1569,148742.98551643206
109,1570,145992.47577167032
110,1571,132728.2075941148
111,1572,139061.86886704102
112,1573,232406.51542953227
113,1574,127389.99086702961
114,1575,215902.4027703369
115,1576,210624.32990631374
116,1577,184443.15627099053
117,1578,145464.19179847284
118,1579,146676.29430181574
119,1580,189295.79126902408
120,1581,146919.36102129496
121,1582,123047.32653583202
122,1583,321041.3103827659
123,1584,225342.24497289027
124,1585,155081.00554697198
125,1586,110830.48031572129
126,1587,113396.01118450657
127,1588,143183.4875311159
128,1589,111541.1106429623
129,1590,137539.36499517667
130,1591,106909.73752156812
131,1592,138396.3930589634
132,1593,134825.57739952987
133,1594,150323.564733566
134,1595,126269.64932134707
135,1596,219973.0701539626
136,1597,173347.36212940575
137,1598,187654.23129214335
138,1599,195095.70760921304
139,1600,196640.91752096108
140,1601,106886.18904503452
141,1602,122985.51910966926
142,1603,113511.69567571183
143,1604,265040.6989833703
144,1605,252522.07658473332
145,1606,158628.04615218268
146,1607,177719.62228267864
147,1608,213977.77366884422
148,1609,186203.87305742406
149,1610,149543.5213497872
150,1611,146751.6454551399
151,1612,159895.63775141034
152,1613,164840.55579098733
153,1614,138029.54116997035
154,1615,107874.98442211028
155,1616,101582.20332722002
156,1617,115249.84947404962
157,1618,122090.26681473135
158,1619,139301.28129972826
159,1620,171014.4938161381
160,1621,141106.4907018484
161,1622,130528.42246600808
162,1623,285501.3731662987
163,1624,206861.13431243453
164,1625,133239.811522449
165,1626,166225.11488078188
166,1627,177210.03932130974
167,1628,282715.35549253516
168,1629,177102.48464208574
169,1630,318552.62829427177
170,1631,217221.85130138535
171,1632,239258.8286414919
172,1633,175603.83341516598
173,1634,179058.80513489392
174,1635,176339.61391104484
175,1636,161006.19138269316
176,1637,180905.80730064798
177,1638,211709.47000061732
178,1639,175032.19845037893
179,1640,237500.85093878885
180,1641,176372.21777673124
181,1642,209997.22285047107
182,1643,232044.32111686075
183,1644,229393.38741358867
184,1645,182460.51024589952
185,1646,154037.253525724
186,1647,167099.9398162715
187,1648,133474.14890156788
188,1649,132425.20991264583
189,1650,127264.99101582078
190,1651,124830.10462051435
191,1652,121637.05591258849
192,1653,122320.03293951807
193,1654,151878.86688443256
194,1655,159254.7176207607
195,1656,151090.30284412586
196,1657,152444.02903648093
197,1658,155104.76592834282
198,1659,140397.04506527452
199,1660,151715.11833824217
200,1661,439104.5796454183
201,1662,346769.5526974166
202,1663,366756.6686010761
203,1664,406815.279791847
204,1665,303382.6355305887
205,1666,319596.24468319444
206,1667,374624.82267564733
207,1668,325833.97008706816
208,1669,290381.01870077336
209,1670,341575.9473008008
210,1671,248284.05899835465
211,1672,395490.15592572396
212,1673,298898.23842636246
213,1674,251235.73281744454
214,1675,184433.56181292055
215,1676,184020.08842489155
216,1677,205533.91306165647
217,1678,408292.09253915853
218,1679,371871.9091810456
219,1680,309604.06345889653
220,1681,249720.04096363834
221,1682,303299.1214478313
222,1683,194246.13065051014
223,1684,186341.71857331428
224,1685,173430.0979086043
225,1686,184325.37909879573
226,1687,177567.15390271356
227,1688,193079.5255810927
228,1689,192627.8036689129
229,1690,194074.40450773033
230,1691,187764.041988422
231,1692,269756.5092024767
232,1693,173150.16657586166
233,1694,172916.09481673836
234,1695,169908.77076732455
235,1696,265753.5730378551
236,1697,168425.01457753225
237,1698,362158.41071619955
238,1699,304469.49499634316
239,1700,230791.39766718622
240,1701,265295.9270839817
241,1702,247458.00988534582
242,1703,254862.6109599888
243,1704,287035.55553673254
244,1705,229749.10305666988
245,1706,378913.8259196654
246,1707,193288.55746163032
247,1708,191101.44223521644
248,1709,272257.0629431949
249,1710,222547.088045601
250,1711,253565.36750340945
251,1712,261403.42778788536
252,1713,254179.4881814252
253,1714,207585.6282992329
254,1715,194095.3201642197
255,1716,181585.71388624568
256,1717,179280.8564703537
257,1718,140064.75505845097
258,1719,201313.22257103544
259,1720,243312.94527787348
260,1721,181635.75298471402
261,1722,138628.4821285471
262,1723,159047.95056901814
263,1724,208711.02897068235
264,1725,232553.1689299631
265,1726,174260.3640736831
266,1727,162630.4179383857
267,1728,186051.14286457593
268,1729,153122.56930559676
269,1730,160379.1721707766
270,1731,124031.35749160082
271,1732,129984.65399967074
272,1733,125398.0192494855
273,1734,126624.00127014815
274,1735,135348.32322595236
275,1736,119830.30058430707
276,1737,320069.9966468355
277,1738,208766.95044547642
278,1739,258756.51601276192
279,1740,205166.00701052038
280,1741,180738.3820126439
281,1742,167741.0469507393
282,1743,181632.56754019335
283,1744,275120.6320897175
284,1745,209374.73743369282
285,1746,234541.78145553882
286,1747,216983.64652019835
287,1748,204347.00649047174
288,1749,153609.8060268929
289,1750,139907.30618111958
290,1751,227985.5909538358
291,1752,122399.37137229477
292,1753,149840.46030241263
293,1754,204083.05772543914
294,1755,171593.69361550894
295,1756,129814.06757257137
296,1757,118929.7143845585
297,1758,152023.42970955314
298,1759,165397.27297274387
299,1760,157450.6378501706
300,1761,153663.20552135227
301,1762,174240.36809459253
302,1763,168246.1869153414
303,1764,120542.43203292348
304,1765,174349.63047051133
305,1766,178832.1128550664
306,1767,204093.59121601487
307,1768,137573.37430135257
308,1769,176978.5645230695
309,1770,149487.57045699784
310,1771,128981.84325161946
311,1772,136495.7242837423
312,1773,140994.4570511378
313,1774,152877.4999098493
314,1775,133455.79370982514
315,1776,127519.4651695725
316,1777,120578.11497520623
317,1778,141017.4905393988
318,1779,122854.51687110338
319,1780,175129.55793818113
320,1781,128271.21608719602
321,1782,110497.67056125836
322,1783,140035.4192803912
323,1784,121618.88982580275
324,1785,122438.05109430043
325,1786,171072.11579512584
326,1787,172422.52352718677
327,1788,103580.06910259889
328,1789,118281.5448253305
329,1790,118132.33493355144
330,1791,182359.27292772007
331,1792,147448.83511506775
332,1793,149152.48572051607
333,1794,149441.94776087743
334,1795,133783.04896732193
335,1796,138551.5288526138
336,1797,127859.61846094888
337,1798,120721.14961215614
338,1799,118000.69378318154
339,1800,127688.83050480012
340,1801,125050.64528751638
341,1802,138687.8599060707
342,1803,154632.30220708722
343,1804,140827.86751360924
344,1805,143267.3832478624
345,1806,128046.13345753966
346,1807,151167.32529336977
347,1808,136804.3543858201
348,1809,121647.17973300998
349,1810,138932.17727753887
350,1811,115559.89057620511
351,1812,104067.54261263763
352,1813,118077.35211025094
353,1814,112266.18214596645
354,1815,94529.05795026557
355,1816,114888.44220621974
356,1817,129030.69396240874
357,1818,149058.66177608416
358,1819,134182.98785190468
359,1820,104191.07657253415
360,1821,123469.86230599174
361,1822,149933.85839553233
362,1823,93283.00259694476
363,1824,143223.52791063132
364,1825,133464.63922285748
365,1826,113146.45077363888
366,1827,117429.30069410815
367,1828,131265.47050923633
368,1829,124800.96216865577
369,1830,142569.81589929288
370,1831,165407.50377060327
371,1832,129501.22959406294
372,1833,149744.08773421147
373,1834,132179.16283225687
374,1835,160344.7377998304
375,1836,133821.9399282606
376,1837,117962.19835150549
377,1838,127083.91472479071
378,1839,115040.47048654227
379,1840,150820.1040919826
380,1841,143061.9667832172
381,1842,108753.49990214802
382,1843,143680.2035890428
383,1844,146925.268739607
384,1845,148345.10249229777
385,1846,155973.2645509382
386,1847,173044.51804703474
387,1848,92481.63195521841
388,1849,133679.8914530778
389,1850,120194.30591529036
390,1851,151700.04903453338
391,1852,130851.15398809372
392,1853,141550.42353191337
393,1854,176269.78742744838
394,1855,167575.81500393624
395,1856,215144.9382511639
396,1857,178007.5023736289
397,1858,147926.85028378715
398,1859,132439.63215476245
399,1860,157432.59434200343
400,1861,132120.07916462992
401,1862,278055.37357143016
402,1863,270536.7755780277
403,1864,270536.7755780277
404,1865,325572.3722902469
405,1866,327478.6713546125
406,1867,244124.23244515102
407,1868,292493.15662468923
408,1869,197577.1992489723
409,1870,227915.88236454356
410,1871,256596.1063829668
411,1872,175679.06031220075
412,1873,225250.5695079622
413,1874,137520.9570162793
414,1875,200432.83424991329
415,1876,185122.61661930179
416,1877,211007.28682814847
417,1878,208367.21558582818
418,1879,134778.77422162236
419,1880,129570.49926146487
420,1881,237679.21776039986
421,1882,257442.98948856298
422,1883,192898.92786977472
423,1884,204405.1107652129
424,1885,260482.52437880906
425,1886,296322.8690232454
426,1887,209267.54085754725
427,1888,274403.69120827434
428,1889,174181.09189121073
429,1890,126390.40121168696
430,1891,143776.57248585558
431,1892,113257.56600299786
432,1893,138779.2144246112
433,1894,141098.19326177565
434,1895,149999.12432340014
435,1896,129207.41154940143
436,1897,131527.08951932567
437,1898,129875.10711919182
438,1899,151639.26088469106
439,1900,146745.598577524
440,1901,154956.18191587078
441,1902,137922.5562241607
442,1903,206253.38589434137
443,1904,134112.4175738095
444,1905,178795.3568265249
445,1906,152010.65780953207
446,1907,194223.17500925146
447,1908,130870.75695398051
448,1909,148158.98515843938
449,1910,139198.75969650346
450,1911,186932.39576153262
451,1912,259414.95970388025
452,1913,160659.76473302636
453,1914,103754.87979344152
454,1915,283995.4074977334
455,1916,110317.75293812204
456,1917,261123.78610522073
457,1918,141498.16666855293
458,1919,161226.81487245744
459,1920,162968.5855063797
460,1921,380505.4763499437
461,1922,292293.30687989696
462,1923,200769.60185934423
463,1924,215477.25113181167
464,1925,211260.57358038396
465,1926,366514.6250006719
466,1927,133232.19757377484
467,1928,164213.90297670884
468,1929,127701.74667856193
469,1930,134252.91964389346
470,1931,149167.25346483846
471,1932,141502.6373182402
472,1933,162126.053491303
473,1934,171277.3474829931
474,1935,166814.973178548
475,1936,172477.213415859
476,1937,175029.6981617623
477,1938,171403.31094730127
478,1939,249672.3042500643
479,1940,194756.4385949811
480,1941,172711.83986178885
481,1942,176994.4454180304
482,1943,214033.5879423907
483,1944,330954.49630303466
484,1945,356182.6277936677
485,1946,166407.63939162422
486,1947,286344.0462956764
487,1948,175832.317540385
488,1949,224763.050958684
489,1950,181827.64890592542
490,1951,257355.86032711374
491,1952,230793.14219825604
492,1953,170841.14862662886
493,1954,202235.82865018593
494,1955,128817.75278405915
495,1956,268115.460807976
496,1957,159834.65303749486
497,1958,304838.4684112092
498,1959,147218.5276220047
499,1960,121566.89002506506
500,1961,124215.85822356126
501,1962,122557.30499387017
502,1963,124310.39898454247
503,1964,121129.10451414902
504,1965,143314.8703250303
505,1966,154348.47858463807
506,1967,270736.84096642345
507,1968,393289.85956753057
508,1969,364209.43993566127
509,1970,421340.5224856053
510,1971,385775.95593512885
511,1972,357238.0748626501
512,1973,266960.95873742405
513,1974,315119.35581337754
514,1975,402204.4263309031
515,1976,272162.4405957789
516,1977,361139.5029528332
517,1978,362604.88059903367
518,1979,316939.6623193477
519,1980,199505.5784038033
520,1981,334184.6870571078
521,1982,225361.23736142527
522,1983,216185.69114224458
523,1984,182672.40379329384
524,1985,222763.97255413915
525,1986,225574.88094280584
526,1987,188375.1830847412
527,1988,176691.68430872855
528,1989,195608.30053555252
529,1990,218175.23641799262
530,1991,207712.28566695578
531,1992,207852.29992349024
532,1993,183839.06293738508
533,1994,230190.9782288008
534,1995,185368.89181439212
535,1996,252157.95132810494
536,1997,334416.2185106174
537,1998,326221.4255237242
538,1999,243880.17898763908
539,2000,291983.07050428394
540,2001,245192.89294339292
541,2002,238018.7142731756
542,2003,266472.12390636135
543,2004,261435.57022839438
544,2005,231397.19185559955
545,2006,216693.2743365944
546,2007,253833.42302034682
547,2008,196070.11764143856
548,2009,180492.4277800038
549,2010,195099.4035972369
550,2011,147466.00761799465
551,2012,180859.89841138426
552,2013,174848.7672953023
553,2014,178447.7073953609
554,2015,198495.65183513777
555,2016,181391.57742333543
556,2017,191106.27395165537
557,2018,131190.10791398655
558,2019,138997.5543748624
559,2020,119876.12931790386
560,2021,121580.7423480353
561,2022,175433.53933290273
562,2023,141087.25035854554
563,2024,228347.29894065578
564,2025,349122.38757906447
565,2026,180219.49271967332
566,2027,159202.48198119982
567,2028,171222.14493487062
568,2029,162031.15355206424
569,2030,267053.5681498678
570,2031,237934.48880266765
571,2032,248699.31671877037
572,2033,265987.2860284622
573,2034,178648.46681885232
574,2035,199239.87081278517
575,2036,206976.22936863825
576,2037,210866.87888479602
577,2038,283402.9379553294
578,2039,213241.62273291373
579,2040,307445.6355068429
580,2041,255452.57583642768
581,2042,199781.09398219586
582,2043,161931.82582061528
583,2044,176548.92447587947
584,2045,206109.8343428595
585,2046,148195.31231774032
586,2047,139763.6247688787
587,2048,134564.37729196003
588,2049,150849.2967400431
589,2050,179669.00346198288
590,2051,116920.21793739384
591,2052,128428.816690751
592,2053,140374.0103810464
593,2054,111582.03512413795
594,2055,151592.83644797085
595,2056,144436.87628051316
596,2057,122999.46719204226
597,2058,210130.07251300523
598,2059,139953.8543930571
599,2060,156235.41293626835
600,2061,172358.0480038335
601,2062,129756.95124628016
602,2063,122743.10014614186
603,2064,135867.14714934933
604,2065,126063.26616840114
605,2066,174364.3740978137
606,2067,145240.63286371873
607,2068,158672.1685164729
608,2069,105795.63797823898
609,2070,114865.68207460422
610,2071,123193.82132078514
611,2072,141086.63233354525
612,2073,142978.16676413515
613,2074,179773.09861387822
614,2075,146280.93726498378
615,2076,128407.12743565862
616,2077,141769.67113889314
617,2078,124262.72705568704
618,2079,132087.2362461065
619,2080,120500.45588611701
620,2081,127791.33174047308
621,2082,142636.69242015356
622,2083,132859.09113038215
623,2084,113638.17028507958
624,2085,123216.47051385159
625,2086,133068.6563733018
626,2087,121876.88454215627
627,2088,117232.42137524323
628,2089,104453.57775141762
629,2090,138402.25533691794
630,2091,119408.25203973023
631,2092,129111.09167522303
632,2093,130603.0457558097
633,2094,146762.02250458614
634,2095,147724.18861889
635,2096,103329.742009595
636,2097,111488.8423588348
637,2098,138444.77619848886
638,2099,101344.2428477508
639,2100,121606.94175304205
640,2101,131027.71147724209
641,2102,138987.60093862648
642,2103,116290.54825575216
643,2104,150712.2407960257
644,2105,128249.09551170105
645,2106,103853.67097680552
646,2107,206672.62123405436
647,2108,119387.64584001715
648,2109,117466.31847182359
649,2110,137900.94315556865
650,2111,155782.1114601566
651,2112,137755.04482796203
652,2113,122873.0717195621
653,2114,123996.72541753942
654,2115,152136.67937271367
655,2116,130870.27108842584
656,2117,138868.9803828817
657,2118,130037.24969104808
658,2119,120425.82512114989
659,2120,123438.46028703303
660,2121,112349.3526296359
661,2122,114805.96452206348
662,2123,110109.45828646526
663,2124,179229.9662802567
664,2125,142284.78498353704
665,2126,147661.5585716399
666,2127,155961.53859623213
667,2128,133510.85884051488
668,2129,122868.20575774045
669,2130,136892.37982796013
670,2131,164470.45873773046
671,2132,119842.09934794693
672,2133,128739.97305469675
673,2134,133035.7204385979
674,2135,119177.21774188991
675,2136,101185.35869699418
676,2137,123806.79016931675
677,2138,139779.77933130003
678,2139,152384.5181114734
679,2140,137711.83153220828
680,2141,146294.77571216613
681,2142,126068.70319906584
682,2143,139239.62648962592
683,2144,141036.55375869796
684,2145,134715.90440251658
685,2146,156859.46527344582
686,2147,161305.53179406395
687,2148,133161.35218726058
688,2149,144049.44602616606
689,2150,211707.1754812101
690,2151,138870.5353455157
691,2152,172933.01979749353
692,2153,161599.11251965718
693,2154,116606.34612437006
694,2155,140220.13495554117
695,2156,228146.50409679514
696,2157,230319.1444512846
697,2158,234280.1379621103
698,2159,214182.87507734745
699,2160,187695.02826071763
700,2161,251113.27574660673
701,2162,373037.8991578056
702,2163,343736.8243655158
703,2164,247981.49563372138
704,2165,174627.5656973756
705,2166,143294.3482958795
706,2167,213712.63508015277
707,2168,189264.30830525118
708,2169,192887.29550319462
709,2170,209911.62513276952
710,2171,141152.37472278503
711,2172,140950.4098307049
712,2173,153208.80078503693
713,2174,231495.0830655847
714,2175,310111.77525660506
715,2176,313185.24676844105
716,2177,237739.95475158683
717,2178,227440.96167761803
718,2179,153698.42981301196
719,2180,217208.5194866617
720,2181,195154.5316347193
721,2182,215494.78254937992
722,2183,189749.4380515186
723,2184,126002.62497007471
724,2185,131651.93653000364
725,2186,149631.13731185065
726,2187,146276.72563931067
727,2188,150262.48349753476
728,2189,200944.01742577768
729,2190,102346.23320427738
730,2191,100896.15793880123
731,2192,103807.0053629524
732,2193,118083.61742496763
733,2194,112882.14501197108
734,2195,124699.56691775806
735,2196,115549.67362985258
736,2197,125634.95284142111
737,2198,163664.83021676476
738,2199,169060.54717402894
739,2200,138429.4137678115
740,2201,141925.7818798792
741,2202,193191.0022363118
742,2203,144039.10931397192
743,2204,168727.11259727197
744,2205,113178.9623169009
745,2206,138876.0069319193
746,2207,215076.46085126727
747,2208,224297.19722332188
748,2209,200493.1960717703
749,2210,137996.63718406786
750,2211,125548.12452483195
751,2212,122508.29661178529
752,2213,110413.66545760944
753,2214,141948.61766643275
754,2215,113735.57594019265
755,2216,147007.55671640325
756,2217,116869.35380582546
757,2218,106130.96063721146
758,2219,107208.46088616257
759,2220,111541.93958511537
760,2221,284062.6683756763
761,2222,229503.3962597383
762,2223,255801.11071760007
763,2224,213977.5748749884
764,2225,141936.1988056654
765,2226,190577.34787743387
766,2227,199842.15480871347
767,2228,262387.74994494463
768,2229,244341.05826683666
769,2230,146893.25996861365
770,2231,205779.5273930452
771,2232,176310.29962751074
772,2233,182860.36422567008
773,2234,243425.3891174454
774,2235,203005.81598899633
775,2236,260937.3610224782
776,2237,333014.32183005265
777,2238,207897.07956257943
778,2239,125645.5463533814
779,2240,156705.90267781104
780,2241,153386.5833278572
781,2242,134607.9367063578
782,2243,134333.20805645798
783,2244,122420.63124310331
784,2245,126280.20568131408
785,2246,144086.8960184402
786,2247,124156.21700566134
787,2248,123052.83198764327
788,2249,130195.45422509382
789,2250,134041.4647966353
790,2251,138257.2447353612
791,2252,175937.13533900448
792,2253,156038.04466860733
793,2254,169366.55927780824
794,2255,182904.39789830032
795,2256,185472.27227211534
796,2257,201135.01409977238
797,2258,170002.4594229444
798,2259,166764.56499431736
799,2260,158346.29365526294
800,2261,191596.55862500932
801,2262,216143.37537722508
802,2263,333850.61048677826
803,2264,374510.7386861232
804,2265,165420.17977176417
805,2266,273758.6317028903
806,2267,332570.4164523231
807,2268,367397.7780585389
808,2269,151716.60711090176
809,2270,190059.65777292667
810,2271,223473.66251738963
811,2272,206204.42800874996
812,2273,161500.69257233123
813,2274,172503.831591196
814,2275,168960.6703528549
815,2276,181107.62293042894
816,2277,178125.43218735125
817,2278,139599.37538692023
818,2279,123442.22190212535
819,2280,125115.4247361657
820,2281,175434.28543843195
821,2282,185363.53248693375
822,2283,123323.24493207599
823,2284,124662.31151288192
824,2285,153869.6435079762
825,2286,123504.59183180345
826,2287,350199.91673189716
827,2288,272886.6477554694
828,2289,358792.37215374544
829,2290,419776.63303529413
830,2291,318536.00898010575
831,2292,401227.55811923026
832,2293,414973.94635882706
833,2294,395434.4622281011
834,2295,405931.9278641293
835,2296,281874.18433048396
836,2297,291449.4851637316
837,2298,335229.62394908443
838,2299,357955.2420798837
839,2300,320766.3592152741
840,2301,269769.0642869186
841,2302,233112.75674347166
842,2303,237988.16427002873
843,2304,247837.4939881103
844,2305,183459.22982115054
845,2306,180656.1855579351
846,2307,184568.8305258809
847,2308,233660.9943433596
848,2309,273141.48044618196
849,2310,217833.71669964778
850,2311,204344.86233757372
851,2312,173272.56528147863
852,2313,177901.98354803337
853,2314,180221.53801949334
854,2315,177587.45791480815
855,2316,195613.36318262244
856,2317,174876.8381063347
857,2318,174614.7200750359
858,2319,184533.24171068033
859,2320,186695.78162945708
860,2321,255999.2286073931
861,2322,189073.5985364579
862,2323,188009.97316971366
863,2324,182946.77955109376
864,2325,211089.3454694095
865,2326,182812.0301978737
866,2327,212996.05760283323
867,2328,222032.54811607234
868,2329,177654.6664395084
869,2330,171782.0897603591
870,2331,363491.5399228082
871,2332,354152.90332911455
872,2333,311279.71180772525
873,2334,249401.53235044458
874,2335,265897.1781810471
875,2336,313808.8364144119
876,2337,192020.4272662359
877,2338,279128.86827823217
878,2339,236402.35874511144
879,2340,374918.25419053517
880,2341,213043.87476483744
881,2342,234007.644714584
882,2343,214799.87235600152
883,2344,217891.5719272982
884,2345,240781.88857421576
885,2346,215143.5629629802
886,2347,191337.07334183398
887,2348,226795.69520359466
888,2349,167820.9832236604
889,2350,273138.53977401595
890,2351,245130.58072274117
891,2352,258800.94556465937
892,2353,238426.08588522964
893,2354,138589.0096898742
894,2355,161431.2863773287
895,2356,159081.8785092716
896,2357,193869.0620359987
897,2358,187308.2632834196
898,2359,137164.63301049056
899,2360,119397.76203871623
900,2361,134729.24254931876
901,2362,251933.21283971908
902,2363,132780.27009310783
903,2364,164112.0791862182
904,2365,225404.91748816374
905,2366,204793.92458768238
906,2367,231000.52113840423
907,2368,200217.44194220912
908,2369,228913.41850419974
909,2370,166384.1190930284
910,2371,169329.00188449371
911,2372,184906.00754065282
912,2373,260466.30208725936
913,2374,281044.20048142574
914,2375,230974.76467595124
915,2376,265101.31119196024
916,2377,301373.5357081364
917,2378,138247.34555401123
918,2379,196627.1915750812
919,2380,145380.75225914922
920,2381,159585.07399525036
921,2382,185907.85782474856
922,2383,202662.44463575262
923,2384,233324.7895142671
924,2385,154080.0933306341
925,2386,134914.6152633676
926,2387,132676.52399472558
927,2388,120978.62042083972
928,2389,134889.41699953546
929,2390,144193.50476680952
930,2391,139486.97098454967
931,2392,116275.77492401273
932,2393,166159.75017051125
933,2394,140711.42093318977
934,2395,190469.2852619501
935,2396,148180.90274886857
936,2397,203718.0841454202
937,2398,132309.51149389782
938,2399,99224.08895256856
939,2400,97162.01970683243
940,2401,117021.05491964912
941,2402,127629.14423252492
942,2403,146452.21535026873
943,2404,141823.22271116343
944,2405,152546.40697090232
945,2406,141234.02655472033
946,2407,129692.13905930438
947,2408,134670.71091578482
948,2409,134424.32402231277
949,2410,166121.2093292362
950,2411,122019.83682100226
951,2412,151747.39373007737
952,2413,128073.26526506529
953,2414,133029.6922055474
954,2415,146075.97634913368
955,2416,129721.35257554468
956,2417,127073.41310893546
957,2418,128652.8989455903
958,2419,130550.63505455287
959,2420,134911.47458555523
960,2421,149984.5379078249
961,2422,128115.83845627119
962,2423,133211.13659411107
963,2424,153453.79483727313
964,2425,198683.0215752703
965,2426,140358.03428511124
966,2427,133807.25185675744
967,2428,168660.93971932319
968,2429,119573.96813670878
969,2430,134271.03924848343
970,2431,128369.86393734248
971,2432,135535.5638705359
972,2433,138652.17945307062
973,2434,134404.60442373925
974,2435,152793.9575755134
975,2436,114991.15103257277
976,2437,115490.20170757586
977,2438,132664.90453755076
978,2439,122799.77859111293
979,2440,124341.64828570612
980,2441,123497.12829854069
981,2442,122719.38207426135
982,2443,128075.48463062025
983,2444,138789.83704802062
984,2445,104313.76409853382
985,2446,142541.4790415737
986,2447,198524.5600043154
987,2448,143354.67688237387
988,2449,114751.4171168894
989,2450,141573.03166044428
990,2451,143770.34195684807
991,2452,206326.9145896034
992,2453,110011.75214457567
993,2454,137294.61598127344
994,2455,127855.46260137513
995,2456,125178.53592772683
996,2457,120386.79663061809
997,2458,133260.64734329842
998,2459,114449.52417437315
999,2460,140111.51410748734
1000,2461,115097.14935313298
1001,2462,129349.50763774542
1002,2463,120748.18721398377
1003,2464,169427.9416150033
1004,2465,133332.71497234498
1005,2466,121228.39882663393
1006,2467,159279.70674829063
1007,2468,102592.2653039352
1008,2469,102799.10519739958
1009,2470,191586.21514276759
1010,2471,195301.16497507296
1011,2472,177200.47345837884
1012,2473,121708.11346205598
1013,2474,114283.06905280496
1014,2475,208685.81211415344
1015,2476,115161.6793888738
1016,2477,130570.23963559009
1017,2478,159921.80483311048
1018,2479,126031.1794563937
1019,2480,152804.11685625295
1020,2481,124779.28998060914
1021,2482,133391.96248171688
1022,2483,118662.92815361617
1023,2484,124387.31150325618
1024,2485,124060.84150309917
1025,2486,156046.55211711614
1026,2487,196698.28397492456
1027,2488,162014.68432011086
1028,2489,155707.26921163022
1029,2490,151681.71335192877
1030,2491,113294.48768143659
1031,2492,173208.03861173798
1032,2493,156900.89717609555
1033,2494,161011.41074227018
1034,2495,118500.34840244171
1035,2496,215029.96425953307
1036,2497,144025.3736278812
1037,2498,118378.39074639554
1038,2499,116271.9503840945
1039,2500,131243.41499715927
1040,2501,133227.81041260593
1041,2502,145478.40379804972
1042,2503,113509.51459393602
1043,2504,177565.37575456113
1044,2505,218905.3659373335
1045,2506,258073.26927893504
1046,2507,282257.4335784633
1047,2508,258780.70695864072
1048,2509,216035.89271785837
1049,2510,231401.41863500656
1050,2511,181571.14402210194
1051,2512,200902.2020905688
1052,2513,208869.94336669205
1053,2514,233366.8937042142
1054,2515,147513.61192032683
1055,2516,164668.92367569017
1056,2517,134874.45892047838
1057,2518,150487.79202918336
1058,2519,214476.5707401897
1059,2520,207332.807477401
1060,2521,192516.20123729488
1061,2522,216174.50471689965
1062,2523,130789.55336018067
1063,2524,140397.08104225429
1064,2525,142113.53260664036
1065,2526,133673.0171893087
1066,2527,126527.89341919456
1067,2528,124472.02536188593
1068,2529,128448.31963545887
1069,2530,126496.33403132184
1070,2531,238401.99312883607
1071,2532,218195.858367383
1072,2533,193385.54004477782
1073,2534,241566.1878436058
1074,2535,306880.35581745225
1075,2536,236097.23476010206
1076,2537,238509.61173930336
1077,2538,187119.18164854156
1078,2539,187620.4895722312
1079,2540,178957.71507316243
1080,2541,188874.8628893672
1081,2542,165410.6794302308
1082,2543,139951.33402110694
1083,2544,127666.16324787242
1084,2545,139871.28718184147
1085,2546,136589.1254946281
1086,2547,141399.69314861356
1087,2548,157478.30147736712
1088,2549,154136.61032435176
1089,2550,367789.69496240804
1090,2551,148335.05410255885
1091,2552,123969.5374022183
1092,2553,99707.73092278604
1093,2554,117315.22059519321
1094,2555,132412.1894674069
1095,2556,122465.0163011528
1096,2557,123433.54788649087
1097,2558,157013.78158101122
1098,2559,132294.55807539227
1099,2560,139617.96203001347
1100,2561,150297.13485428246
1101,2562,129447.42229398017
1102,2563,136722.04605770978
1103,2564,176655.78442604083
1104,2565,140253.0567916417
1105,2566,151400.5792513952
1106,2567,125437.36205545272
1107,2568,180355.14219669413
1108,2569,186762.27588358475
1109,2570,137643.14838263657
1110,2571,176356.31548950486
1111,2572,183324.91611279655
1112,2573,211497.86285194714
1113,2574,255072.8985592806
1114,2575,128741.51901314747
1115,2576,123192.39984811713
1116,2577,151863.40169610098
1117,2578,105483.49437562146
1118,2579,101536.4533656649
1119,2580,136935.1441346528
1120,2581,134377.14945368172
1121,2582,129550.10739208103
1122,2583,267600.7279112324
1123,2584,165423.9475059679
1124,2585,185114.5682869735
1125,2586,218711.93536804363
1126,2587,204245.17370386596
1127,2588,145020.65028361903
1128,2589,149970.57280992536
1129,2590,209602.14154570896
1130,2591,199065.7637900922
1131,2592,212292.86282281234
1132,2593,247404.51159498037
1133,2594,169899.4960351007
1134,2595,205270.4163670224
1135,2596,309816.5579716237
1136,2597,178550.01257595376
1137,2598,265240.4592128431
1138,2599,318997.8163815921
1139,2600,164584.90322723985
1140,2601,142909.30676159292
1141,2602,110291.46341807407
1142,2603,116027.05062492716
1143,2604,108972.26174576243
1144,2605,109259.91451260008
1145,2606,151442.80590870674
1146,2607,184518.1530629713
1147,2608,189458.2301080059
1148,2609,152215.93266327592
1149,2610,116773.60917286627
1150,2611,142944.3382291437
1151,2612,152912.38901767944
1152,2613,129402.29262880312
1153,2614,125341.11346458201
1154,2615,146522.16249639174
1155,2616,150298.56943325675
1156,2617,191578.76710430934
1157,2618,193545.16408368794
1158,2619,209680.40833788723
1159,2620,171590.73330605257
1160,2621,176965.48907123046
1161,2622,175164.5864552966
1162,2623,254709.07057689945
1163,2624,291664.17396670015
1164,2625,288446.9781421916
1165,2626,163697.08212286656
1166,2627,187432.62619592785
1167,2628,391351.68568164454
1168,2629,411453.64951716014
1169,2630,328344.27675223537
1170,2631,427057.0851988057
1171,2632,393100.75485054177
1172,2633,293450.5668826831
1173,2634,389870.56230774836
1174,2635,153827.56021509768
1175,2636,184692.6163003447
1176,2637,171551.98252726332
1177,2638,235280.5281744448
1178,2639,182535.13982841815
1179,2640,144195.6342333772
1180,2641,118122.79199517505
1181,2642,185790.2529924593
1182,2643,124445.78627794771
1183,2644,139879.3508713238
1184,2645,122519.71106262761
1185,2646,120591.57036350538
1186,2647,124251.69056341735
1187,2648,149828.66581116637
1188,2649,137819.77121254973
1189,2650,147051.67631795627
1190,2651,150125.4182636474
1191,2652,425215.6085994062
1192,2653,257434.595379395
1193,2654,238665.4435851191
1194,2655,359950.0551273364
1195,2656,327541.1958341256
1196,2657,336176.56410900014
1197,2658,276767.73264625587
1198,2659,295367.29202524165
1199,2660,354316.6296708639
1200,2661,349103.1078321606
1201,2662,342689.31658436905
1202,2663,291523.2924059714
1203,2664,265409.9148869804
1204,2665,309750.7295813588
1205,2666,283556.727392112
1206,2667,174345.42481717077
1207,2668,186743.72196777066
1208,2669,174879.18650417402
1209,2670,285107.5802955263
1210,2671,187504.14774071868
1211,2672,198601.73314677647
1212,2673,207964.45243335265
1213,2674,206406.32746419887
1214,2675,183230.7777504417
1215,2676,192229.5130447654
1216,2677,189242.33529167838
1217,2678,244418.29311116273
1218,2679,265465.0272499013
1219,2680,281680.039980998
1220,2681,383856.1780614025
1221,2682,302584.5947590421
1222,2683,414309.2748435261
1223,2684,304919.0217666707
1224,2685,298028.75430082873
1225,2686,252663.81179759366
1226,2687,303572.01701420266
1227,2688,225419.50434740167
1228,2689,208259.25610210843
1229,2690,404062.7547914877
1230,2691,178343.30537253965
1231,2692,140119.33770826296
1232,2693,195258.11882802422
1233,2694,147422.05611469108
1234,2695,192129.22639175405
1235,2696,185711.53670988217
1236,2697,176553.32697070637
1237,2698,181434.443843165
1238,2699,173988.88898635362
1239,2700,160479.99952321436
1240,2701,158058.85327003917
1241,2702,120895.62519516387
1242,2703,138785.59655541275
1243,2704,142807.07938507153
1244,2705,122297.10380165072
1245,2706,119498.73707651698
1246,2707,126760.29497387965
1247,2708,134200.8787038687
1248,2709,111196.8023497205
1249,2710,131680.7848358924
1250,2711,257740.6084601474
1251,2712,337929.2495307681
1252,2713,182746.39688645702
1253,2714,169815.8289621895
1254,2715,166565.43758350838
1255,2716,170973.5907107615
1256,2717,191022.72877957585
1257,2718,232772.43107341503
1258,2719,151762.78594708437
1259,2720,166927.03131755785
1260,2721,131287.1732507502
1261,2722,153788.03780243898
1262,2723,152818.46950830394
1263,2724,130200.58813981008
1264,2725,129975.5136639352
1265,2726,136702.57439739705
1266,2727,174651.9920524643
1267,2728,158187.951071079
1268,2729,143781.12228309835
1269,2730,133692.53046673752
1270,2731,135518.8324803899
1271,2732,126875.99160078453
1272,2733,157551.53322634532
1273,2734,157539.41069242152
1274,2735,132353.66863150903
1275,2736,144407.30185082048
1276,2737,121287.65473498311
1277,2738,147045.53601244593
1278,2739,159539.73507398684
1279,2740,132202.57241776647
1280,2741,144821.4214702351
1281,2742,151019.1105762368
1282,2743,144103.1099256971
1283,2744,154789.09227833478
1284,2745,143631.45390820852
1285,2746,135734.01762417483
1286,2747,156806.22359031503
1287,2748,125744.33364216934
1288,2749,132440.81048094213
1289,2750,135042.64518884916
1290,2751,135682.3979002296
1291,2752,226863.90692546364
1292,2753,150677.82728691946
1293,2754,224410.10955486394
1294,2755,129125.90357915356
1295,2756,119834.61451438273
1296,2757,106702.78712569342
1297,2758,116451.84894179311
1298,2759,145904.88633904938
1299,2760,146211.89909538202
1300,2761,145910.37744561525
1301,2762,143619.95171539052
1302,2763,183315.6903636192
1303,2764,169151.97051297606
1304,2765,246743.7986305463
1305,2766,135157.1559257513
1306,2767,103746.1047760035
1307,2768,136307.48990517203
1308,2769,128571.49263551841
1309,2770,151511.3620542232
1310,2771,119331.09256906988
1311,2772,119877.37180370314
1312,2773,159568.29873870258
1313,2774,133375.28748120792
1314,2775,133626.29481839755
1315,2776,137894.21494335687
1316,2777,147380.88771906623
1317,2778,137728.24214304186
1318,2779,145769.4083545541
1319,2780,118969.95837659255
1320,2781,110666.41129140354
1321,2782,107698.3605265064
1322,2783,111047.94089781279
1323,2784,123429.60702353626
1324,2785,134338.18747876052
1325,2786,108615.21781370799
1326,2787,123345.49701974784
1327,2788,105442.8533026743
1328,2789,183317.01465864078
1329,2790,104124.03231948029
1330,2791,122509.3656193828
1331,2792,96007.66397037283
1332,2793,155283.29104350536
1333,2794,112752.39572372887
1334,2795,117434.89149850814
1335,2796,112204.16702779637
1336,2797,194784.27733343112
1337,2798,118088.57031198207
1338,2799,122631.98255827138
1339,2800,96145.33186966326
1340,2801,119777.92572038287
1341,2802,134836.39069809992
1342,2803,165209.1416272511
1343,2804,149523.47091461657
1344,2805,117143.30522391219
1345,2806,107520.13351945541
1346,2807,163244.46183172707
1347,2808,144394.17517652435
1348,2809,131237.0176133272
1349,2810,130200.14729734667
1350,2811,152644.3794680817
1351,2812,150381.4100858295
1352,2813,164010.78682979976
1353,2814,161331.46957205757
1354,2815,124130.76308626516
1355,2816,225766.71965305525
1356,2817,148813.11995926753
1357,2818,131022.36177852149
1358,2819,174195.49590967578
1359,2820,144703.57219157487
1360,2821,120474.6548952703
1361,2822,190365.7988381548
1362,2823,234624.26437804892
1363,2824,173936.73194412875
1364,2825,152755.85128085257
1365,2826,133121.9690415963
1366,2827,138599.63517900463
1367,2828,213277.62249818983
1368,2829,181153.42238828202
1369,2830,225085.6385078791
1370,2831,184778.56760174094
1371,2832,235116.14939678347
1372,2833,278321.5309162641
1373,2834,207072.4900495524
1374,2835,214264.03864711686
1375,2836,189398.17265274804
1376,2837,168386.4582365443
1377,2838,147796.55300800956
1378,2839,177878.89819233594
1379,2840,190562.1689279178
1380,2841,198298.0834826707
1381,2842,221659.66593208135
1382,2843,141913.45288059316
1383,2844,151288.28410987547
1384,2845,118170.81318446531
1385,2846,200348.15970641118
1386,2847,184432.00679215137
1387,2848,228868.14231926267
1388,2849,203686.7105722613
1389,2850,282471.9347805811
1390,2851,229014.2516772909
1391,2852,231665.63305098945
1392,2853,226542.54459568922
1393,2854,155426.5475323061
1394,2855,196814.6571446945
1395,2856,197626.94132355927
1396,2857,189665.43844108252
1397,2858,199887.63437716506
1398,2859,135193.14074663783
1399,2860,133002.1163949645
1400,2861,140441.16993206105
1401,2862,194403.83746648303
1402,2863,133377.41190070708
1403,2864,230351.31489123194
1404,2865,150069.45280873188
1405,2866,174964.90607622016
1406,2867,109029.0264805409
1407,2868,120892.73512808607
1408,2869,127905.63929644327
1409,2870,149477.53910698675
1410,2871,110080.66150000933
1411,2872,95614.58118252845
1412,2873,117373.4892058901
1413,2874,138214.9992425221
1414,2875,123432.78654499623
1415,2876,161304.56192144295
1416,2877,132686.93158174938
1417,2878,163762.4361135914
1418,2879,140308.8051675613
1419,2880,110420.47484203252
1420,2881,149485.0073027446
1421,2882,152858.130375055
1422,2883,174177.26280933604
1423,2884,188092.96197610558
1424,2885,168335.14157654814
1425,2886,191093.63806701457
1426,2887,111631.4788727741
1427,2888,129273.43237315273
1428,2889,92011.08726206142
1429,2890,109637.01090756991
1430,2891,136668.44657065987
1431,2892,100212.44922980273
1432,2893,111327.24385231452
1433,2894,99566.67344357609
1434,2895,289878.27009413356
1435,2896,268859.43819128047
1436,2897,198246.5918209368
1437,2898,155673.354422168
1438,2899,222456.96452994266
1439,2900,149090.03287826944
1440,2901,193339.28330609013
1441,2902,184877.79204480146
1442,2903,344923.55102727225
1443,2904,346855.4713521821
1444,2905,135849.91251426993
1445,2906,205860.40326999922
1446,2907,129622.52274195629
1447,2908,127415.96442265357
1448,2909,152469.22798457136
1449,2910,108980.67385103262
1450,2911,109098.20130563172
1451,2912,149707.3635225129
1452,2913,113612.54006081112
1453,2914,104696.12964146401
1454,2915,105061.15003162398
1455,2916,112231.38407569632
1456,2917,165704.4148658287
1457,2918,125153.97761995262
1458,2919,226382.4770810118
